"Data";"Cambio"
2002-01-28;2,4228
2002-01-29;2,4234
2002-01-30;2,4384
2002-01-31;2,4183
2002-02-01;2,4161
2002-02-04;2,4228
2002-02-05;2,4214
2002-02-06;2,4206
2002-02-07;2,4518
2002-02-08;2,4691
2002-02-13;2,4232
2002-02-14;2,4249
2002-02-15;2,438
2002-02-18;2,4284
2002-02-19;2,4249
2002-02-20;2,4284
2002-02-21;2,4241
2002-02-22;2,4273
2002-02-25;2,4062
2002-02-26;2,3947
2002-02-27;2,3827
2002-02-28;2,3482
2002-03-01;2,3596
2002-03-04;2,3432
2002-03-05;2,3251
2002-03-06;2,352
2002-03-07;2,3663
2002-03-08;2,3582
2002-03-11;2,3487
2002-03-12;2,3496
2002-03-13;2,3368
2002-03-14;2,3441
2002-03-15;2,3542
2002-03-18;2,3406
2002-03-19;2,3432
2002-03-20;2,338
2002-03-21;2,3475
2002-03-22;2,3508
2002-03-25;2,3641
2002-03-26;2,3502
2002-03-27;2,3371
2002-03-28;2,3236
2002-04-01;2,322
2002-04-02;2,3022
2002-04-03;2,2977
2002-04-04;2,3118
2002-04-05;2,2924
2002-04-08;2,2907
2002-04-09;2,2842
2002-04-10;2,2728
2002-04-11;2,2709
2002-04-12;2,2988
2002-04-15;2,318
2002-04-16;2,3172
2002-04-17;2,3165
2002-04-18;2,3327
2002-04-19;2,3269
2002-04-22;2,3347
2002-04-23;2,3487
2002-04-24;2,3568
2002-04-25;2,3666
2002-04-26;2,3558
2002-04-29;2,3689
2002-04-30;2,3625
2002-05-02;2,377
2002-05-03;2,4149
2002-05-06;2,4327
2002-05-07;2,4174
2002-05-08;2,4341
2002-05-09;2,4519
2002-05-10;2,4838
2002-05-13;2,4952
2002-05-14;2,5154
2002-05-15;2,5117
2002-05-16;2,4799
2002-05-17;2,4763
2002-05-20;2,4737
2002-05-21;2,4787
2002-05-22;2,5016
2002-05-23;2,5296
2002-05-24;2,524
2002-05-27;2,5228
2002-05-28;2,5248
2002-05-29;2,5201
2002-05-31;2,522
2002-06-03;2,5413
2002-06-04;2,5697
2002-06-05;2,6086
2002-06-06;2,6418
2002-06-07;2,6708
2002-06-10;2,6367
2002-06-11;2,6664
2002-06-12;2,7486
2002-06-13;2,6922
2002-06-14;2,7181
2002-06-17;2,6823
2002-06-18;2,67
2002-06-19;2,703
2002-06-20;2,7505
2002-06-21;2,791
2002-06-24;2,8269
2002-06-25;2,7995
2002-06-26;2,8584
2002-06-27;2,8593
2002-06-28;2,8444
2002-07-01;2,8595
2002-07-02;2,9141
2002-07-03;2,8617
2002-07-04;2,8481
2002-07-05;2,8746
2002-07-08;2,8711
2002-07-09;2,8551
2002-07-10;2,8541
2002-07-11;2,8232
2002-07-12;2,8147
2002-07-15;2,8455
2002-07-16;2,8671
2002-07-17;2,8783
2002-07-18;2,8772
2002-07-19;2,8671
2002-07-22;2,8816
2002-07-23;2,9132
2002-07-24;2,9479
2002-07-25;2,9822
2002-07-26;3,0177
2002-07-29;3,1449
2002-07-30;3,2692
2002-07-31;3,4285
2002-08-01;3,3275
2002-08-02;3,0302
2002-08-05;3,0732
2002-08-06;3,207
2002-08-07;3,0598
2002-08-08;2,8883
2002-08-09;2,9964
2002-08-12;3,0979
2002-08-13;3,2094
2002-08-14;3,1965
2002-08-15;3,1912
2002-08-16;3,162
2002-08-19;3,1142
2002-08-20;3,0923
2002-08-21;3,0794
2002-08-22;3,1417
2002-08-23;3,1136
2002-08-26;3,0788
2002-08-27;3,0949
2002-08-28;3,1219
2002-08-29;3,1239
2002-08-30;3,0223
2002-09-02;3,0286
2002-09-03;3,0988
2002-09-04;3,1325
2002-09-05;3,1512
2002-09-06;3,1783
2002-09-09;3,1312
2002-09-10;3,1306
2002-09-11;3,1153
2002-09-12;3,1239
2002-09-13;3,1506
2002-09-16;3,1884
2002-09-17;3,2248
2002-09-18;3,324
2002-09-19;3,3843
2002-09-20;3,4277
2002-09-23;3,5448
2002-09-24;3,6216
2002-09-25;3,7257
2002-09-26;3,7516
2002-09-27;3,8541
2002-09-30;3,8949
2002-10-01;3,7467
2002-10-02;3,5936
2002-10-03;3,6952
2002-10-04;3,6593
2002-10-07;3,6965
2002-10-08;3,7017
2002-10-09;3,852
2002-10-10;3,9228
2002-10-11;3,9235
2002-10-14;3,8613
2002-10-15;3,8567
2002-10-16;3,8744
2002-10-17;3,9245
2002-10-18;3,8759
2002-10-21;3,9125
2002-10-22;3,9552
2002-10-23;3,8704
2002-10-24;3,8617
2002-10-25;3,8015
2002-10-28;3,7406
2002-10-29;3,8211
2002-10-30;3,7443
2002-10-31;3,645
2002-11-01;3,6113
2002-11-04;3,5418
2002-11-05;3,5625
2002-11-06;3,5976
2002-11-07;3,6218
2002-11-08;3,5271
2002-11-11;3,5035
2002-11-12;3,5527
2002-11-13;3,6342
2002-11-14;3,6797
2002-11-18;3,5889
2002-11-19;3,5547
2002-11-20;3,5146
2002-11-21;3,5103
2002-11-22;3,5616
2002-11-25;3,5492
2002-11-26;3,5872
2002-11-27;3,5898
2002-11-28;3,603
2002-11-29;3,6365
2002-12-02;3,616
2002-12-03;3,6625
2002-12-04;3,7049
2002-12-05;3,7514
2002-12-06;3,7526
2002-12-09;3,798
2002-12-10;3,7685
2002-12-11;3,7954
2002-12-12;3,7535
2002-12-13;3,7342
2002-12-16;3,6318
2002-12-17;3,5827
2002-12-18;3,5316
2002-12-19;3,5047
2002-12-20;3,4278
2002-12-23;3,4947
2002-12-24;3,501
2002-12-26;3,5251
2002-12-27;3,5413
2002-12-30;3,5333
2002-12-31;3,5333
2003-01-02;3,5224
2003-01-03;3,4698
2003-01-06;3,3664
2003-01-07;3,3423
2003-01-08;3,3124
2003-01-09;3,3297
2003-01-10;3,2918
2003-01-13;3,2956
2003-01-14;3,2758
2003-01-15;3,2983
2003-01-16;3,2937
2003-01-17;3,3632
2003-01-20;3,4103
2003-01-21;3,4402
2003-01-22;3,5189
2003-01-23;3,4901
2003-01-24;3,5923
2003-01-27;3,6623
2003-01-28;3,6312
2003-01-29;3,6417
2003-01-30;3,5696
2003-01-31;3,5258
2003-02-03;3,493
2003-02-04;3,5406
2003-02-05;3,5845
2003-02-06;3,6045
2003-02-07;3,5802
2003-02-10;3,6042
2003-02-11;3,5737
2003-02-12;3,6003
2003-02-13;3,6359
2003-02-14;3,658
2003-02-17;3,6232
2003-02-18;3,5889
2003-02-19;3,5935
2003-02-20;3,6067
2003-02-21;3,6097
2003-02-24;3,587
2003-02-25;3,6013
2003-02-26;3,5817
2003-02-27;3,585
2003-02-28;3,5632
2003-03-05;3,5637
2003-03-06;3,526
2003-03-07;3,501
2003-03-10;3,5281
2003-03-11;3,5061
2003-03-12;3,4763
2003-03-13;3,4293
2003-03-14;3,3958
2003-03-17;3,4442
2003-03-18;3,4308
2003-03-19;3,4576
2003-03-20;3,483
2003-03-21;3,4462
2003-03-24;3,407
2003-03-25;3,3892
2003-03-26;3,3747
2003-03-27;3,4031
2003-03-28;3,3757
2003-03-31;3,3531
2003-04-01;3,3359
2003-04-02;3,2795
2003-04-03;3,2563
2003-04-04;3,2469
2003-04-07;3,1723
2003-04-08;3,1649
2003-04-09;3,1857
2003-04-10;3,2157
2003-04-11;3,2147
2003-04-14;3,1818
2003-04-15;3,1154
2003-04-16;3,0752
2003-04-17;3,0289
2003-04-22;3,0639
2003-04-23;3,0147
2003-04-24;3,0029
2003-04-25;3,0123
2003-04-28;2,9915
2003-04-29;2,9251
2003-04-30;2,8898
2003-05-02;2,9159
2003-05-05;2,9845
2003-05-06;3,0277
2003-05-07;2,9639
2003-05-08;2,9177
2003-05-09;2,8802
2003-05-12;2,8757
2003-05-13;2,8653
2003-05-14;2,8902
2003-05-15;2,9306
2003-05-16;2,9731
2003-05-19;2,9815
2003-05-20;3,0141
2003-05-21;3,0109
2003-05-22;2,9842
2003-05-23;2,9445
2003-05-26;2,9565
2003-05-27;3,0257
2003-05-28;3,014
2003-05-29;2,9488
2003-05-30;2,9656
2003-06-02;2,978
2003-06-03;2,964
2003-06-04;2,9112
2003-06-05;2,8929
2003-06-06;2,8491
2003-06-09;2,8682
2003-06-10;2,8603
2003-06-11;2,8692
2003-06-12;2,862
2003-06-13;2,857
2003-06-16;2,8508
2003-06-17;2,8744
2003-06-18;2,8902
2003-06-20;2,8933
2003-06-23;2,8788
2003-06-24;2,8616
2003-06-25;2,8559
2003-06-26;2,894
2003-06-27;2,8812
2003-06-30;2,872
2003-07-01;2,8443
2003-07-02;2,8219
2003-07-03;2,8332
2003-07-04;2,8299
2003-07-07;2,8676
2003-07-08;2,8823
2003-07-09;2,8671
2003-07-10;2,8922
2003-07-11;2,9029
2003-07-14;2,8753
2003-07-15;2,8554
2003-07-16;2,8677
2003-07-17;2,8563
2003-07-18;2,8774
2003-07-21;2,8828
2003-07-22;2,8826
2003-07-23;2,8878
2003-07-24;2,8961
2003-07-25;2,8885
2003-07-28;2,8965
2003-07-29;2,9155
2003-07-30;2,9473
2003-07-31;2,9655
2003-08-01;3,0006
2003-08-04;3,074
2003-08-05;3,0366
2003-08-06;3,039
2003-08-07;3,0069
2003-08-08;2,9892
2003-08-11;2,9945
2003-08-12;3,0237
2003-08-13;3,0309
2003-08-14;3,014
2003-08-15;2,993
2003-08-18;2,9848
2003-08-19;2,9973
2003-08-20;3,001
2003-08-21;3,0032
2003-08-22;2,9926
2003-08-25;2,9895
2003-08-26;2,9896
2003-08-27;2,9734
2003-08-28;2,9531
2003-08-29;2,9665
2003-09-01;2,984
2003-09-02;2,9789
2003-09-03;2,9568
2003-09-04;2,9418
2003-09-05;2,9216
2003-09-08;2,9155
2003-09-09;2,9306
2003-09-10;2,9125
2003-09-11;2,8991
2003-09-12;2,8959
2003-09-15;2,8898
2003-09-16;2,8967
2003-09-17;2,9057
2003-09-18;2,8975
2003-09-19;2,9065
2003-09-22;2,9021
2003-09-23;2,9145
2003-09-24;2,9244
2003-09-25;2,9306
2003-09-26;2,9373
2003-09-29;2,9374
2003-09-30;2,9234
2003-10-01;2,9034
2003-10-02;2,8989
2003-10-03;2,8875
2003-10-06;2,8753
2003-10-07;2,8701
2003-10-08;2,8444
2003-10-09;2,8422
2003-10-10;2,8401
2003-10-13;2,8371
2003-10-14;2,8425
2003-10-15;2,8268
2003-10-16;2,8409
2003-10-17;2,8635
2003-10-20;2,8839
2003-10-21;2,8642
2003-10-22;2,8602
2003-10-23;2,8698
2003-10-24;2,8695
2003-10-27;2,8728
2003-10-28;2,8675
2003-10-29;2,8537
2003-10-30;2,844
2003-10-31;2,8562
2003-11-03;2,8559
2003-11-04;2,8607
2003-11-05;2,8596
2003-11-06;2,8708
2003-11-07;2,8699
2003-11-10;2,8807
2003-11-11;2,8955
2003-11-12;2,9112
2003-11-13;2,9196
2003-11-14;2,9418
2003-11-17;2,9546
2003-11-18;2,9421
2003-11-19;2,9507
2003-11-20;2,948
2003-11-21;2,9301
2003-11-24;2,927
2003-11-25;2,9246
2003-11-26;2,9361
2003-11-27;2,9477
2003-11-28;2,9494
2003-12-01;2,9341
2003-12-02;2,9273
2003-12-03;2,9316
2003-12-04;2,9403
2003-12-05;2,9398
2003-12-08;2,9422
2003-12-09;2,935
2003-12-10;2,9429
2003-12-11;2,9434
2003-12-12;2,942
2003-12-15;2,9293
2003-12-16;2,932
2003-12-17;2,9381
2003-12-18;2,9341
2003-12-19;2,9278
2003-12-22;2,9239
2003-12-23;2,9175
2003-12-24;2,9082
2003-12-26;2,8994
2003-12-29;2,8883
2003-12-30;2,8892
2003-12-31;2,8892
2004-01-02;2,8862
2004-01-05;2,8627
2004-01-06;2,8508
2004-01-07;2,8723
2004-01-08;2,8588
2004-01-09;2,8422
2004-01-12;2,8163
2004-01-13;2,8022
2004-01-14;2,8142
2004-01-15;2,8126
2004-01-16;2,8184
2004-01-19;2,8419
2004-01-20;2,8382
2004-01-21;2,8417
2004-01-22;2,8417
2004-01-23;2,8435
2004-01-26;2,8431
2004-01-27;2,8587
2004-01-28;2,8785
2004-01-29;2,9236
2004-01-30;2,9409
2004-02-02;2,9486
2004-02-03;2,9326
2004-02-04;2,9106
2004-02-05;2,9335
2004-02-06;2,95
2004-02-09;2,9341
2004-02-10;2,9198
2004-02-11;2,9253
2004-02-12;2,9042
2004-02-13;2,9085
2004-02-16;2,9066
2004-02-17;2,9125
2004-02-18;2,9296
2004-02-19;2,9509
2004-02-20;2,9878
2004-02-25;2,9403
2004-02-26;2,9369
2004-02-27;2,9138
2004-03-01;2,8945
2004-03-02;2,9086
2004-03-03;2,8812
2004-03-04;2,8878
2004-03-05;2,879
2004-03-08;2,8752
2004-03-09;2,8758
2004-03-10;2,8891
2004-03-11;2,9132
2004-03-12;2,9063
2004-03-15;2,9013
2004-03-16;2,9001
2004-03-17;2,907
2004-03-18;2,9135
2004-03-19;2,9
2004-03-22;2,9107
2004-03-23;2,9144
2004-03-24;2,9264
2004-03-25;2,9337
2004-03-26;2,941
2004-03-29;2,9365
2004-03-30;2,9216
2004-03-31;2,9086
2004-04-01;2,8904
2004-04-02;2,893
2004-04-05;2,8851
2004-04-06;2,8743
2004-04-07;2,8773
2004-04-08;2,8802
2004-04-12;2,8855
2004-04-13;2,8851
2004-04-14;2,8956
2004-04-15;2,9064
2004-04-16;2,9153
2004-04-19;2,9101
2004-04-20;2,9186
2004-04-22;2,9305
2004-04-23;2,9173
2004-04-26;2,9085
2004-04-27;2,9161
2004-04-28;2,9335
2004-04-29;2,9522
2004-04-30;2,9447
2004-05-03;2,9569
2004-05-04;2,9696
2004-05-05;2,9616
2004-05-06;2,9899
2004-05-07;3,0504
2004-05-10;3,1249
2004-05-11;3,1051
2004-05-12;3,1211
2004-05-13;3,1279
2004-05-14;3,0982
2004-05-17;3,122
2004-05-18;3,1169
2004-05-19;3,1059
2004-05-20;3,1813
2004-05-21;3,2051
2004-05-24;3,1798
2004-05-25;3,1576
2004-05-26;3,157
2004-05-27;3,1524
2004-05-28;3,0961
2004-05-31;3,1291
2004-06-01;3,1567
2004-06-02;3,1302
2004-06-03;3,1443
2004-06-04;3,1335
2004-06-07;3,1119
2004-06-08;3,1155
2004-06-09;3,1166
2004-06-11;3,1402
2004-06-14;3,1651
2004-06-15;3,138
2004-06-16;3,1405
2004-06-17;3,128
2004-06-18;3,1388
2004-06-21;3,1298
2004-06-22;3,1341
2004-06-23;3,1258
2004-06-24;3,103
2004-06-25;3,1096
2004-06-28;3,1247
2004-06-29;3,1183
2004-06-30;3,1075
2004-07-01;3,0747
2004-07-02;3,0502
2004-07-05;3,0316
2004-07-06;3,0418
2004-07-07;3,0367
2004-07-08;3,0475
2004-07-09;3,0429
2004-07-12;3,0371
2004-07-13;3,042
2004-07-14;3,0284
2004-07-15;3,0215
2004-07-16;3,0021
2004-07-19;2,9939
2004-07-20;3,0041
2004-07-21;3,0247
2004-07-22;3,0392
2004-07-23;3,0465
2004-07-26;3,0573
2004-07-27;3,067
2004-07-28;3,0557
2004-07-29;3,0374
2004-07-30;3,0268
2004-08-02;3,0466
2004-08-03;3,055
2004-08-04;3,0579
2004-08-05;3,0637
2004-08-06;3,0489
2004-08-09;3,0396
2004-08-10;3,0285
2004-08-11;3,0392
2004-08-12;3,0307
2004-08-13;3,0235
2004-08-16;3,0146
2004-08-17;2,9989
2004-08-18;2,9922
2004-08-19;2,9793
2004-08-20;2,9742
2004-08-23;2,9687
2004-08-24;2,9576
2004-08-25;2,9512
2004-08-26;2,9541
2004-08-27;2,9571
2004-08-30;2,9488
2004-08-31;2,9338
2004-09-01;2,9298
2004-09-02;2,9361
2004-09-03;2,9289
2004-09-06;2,9142
2004-09-08;2,9014
2004-09-09;2,9028
2004-09-10;2,8988
2004-09-13;2,906
2004-09-14;2,9125
2004-09-15;2,9042
2004-09-16;2,8892
2004-09-17;2,8744
2004-09-20;2,8676
2004-09-21;2,8737
2004-09-22;2,8677
2004-09-23;2,8725
2004-09-24;2,8735
2004-09-27;2,8728
2004-09-28;2,8692
2004-09-29;2,8602
2004-09-30;2,8586
2004-10-01;2,8513
2004-10-04;2,8265
2004-10-05;2,8241
2004-10-06;2,8362
2004-10-07;2,8518
2004-10-08;2,8251
2004-10-11;2,8318
2004-10-13;2,8374
2004-10-14;2,8631
2004-10-15;2,8623
2004-10-18;2,8547
2004-10-19;2,8706
2004-10-20;2,8847
2004-10-21;2,8535
2004-10-22;2,8489
2004-10-25;2,8817
2004-10-26;2,8729
2004-10-27;2,8585
2004-10-28;2,8655
2004-10-29;2,8565
2004-11-01;2,859
2004-11-03;2,8304
2004-11-04;2,8211
2004-11-05;2,8186
2004-11-08;2,8299
2004-11-09;2,8287
2004-11-10;2,8209
2004-11-11;2,82
2004-11-12;2,7991
2004-11-16;2,7856
2004-11-17;2,7674
2004-11-18;2,7603
2004-11-19;2,7637
2004-11-22;2,7678
2004-11-23;2,7446
2004-11-24;2,7485
2004-11-25;2,7511
2004-11-26;2,7332
2004-11-29;2,7402
2004-11-30;2,7307
2004-12-01;2,7145
2004-12-02;2,7239
2004-12-03;2,7095
2004-12-06;2,7186
2004-12-07;2,7322
2004-12-08;2,7664
2004-12-09;2,7744
2004-12-10;2,7867
2004-12-13;2,7697
2004-12-14;2,758
2004-12-15;2,7508
2004-12-16;2,7293
2004-12-17;2,7247
2004-12-20;2,6927
2004-12-21;2,6892
2004-12-22;2,699
2004-12-23;2,7067
2004-12-24;2,6912
2004-12-27;2,6983
2004-12-28;2,6895
2004-12-29;2,6836
2004-12-30;2,6544
2004-12-31;2,6544
2005-01-03;2,6682
2005-01-04;2,6887
2005-01-05;2,7096
2005-01-06;2,7207
2005-01-07;2,7032
2005-01-10;2,6973
2005-01-11;2,7106
2005-01-12;2,7113
2005-01-13;2,7011
2005-01-14;2,7074
2005-01-17;2,7007
2005-01-18;2,7139
2005-01-19;2,7185
2005-01-20;2,7222
2005-01-21;2,6999
2005-01-24;2,678
2005-01-25;2,6794
2005-01-26;2,6748
2005-01-27;2,6645
2005-01-28;2,6587
2005-01-31;2,6248
2005-02-01;2,613
2005-02-02;2,624
2005-02-03;2,6034
2005-02-04;2,603
2005-02-09;2,6078
2005-02-10;2,6122
2005-02-11;2,6173
2005-02-14;2,5834
2005-02-15;2,5762
2005-02-16;2,5926
2005-02-17;2,5737
2005-02-18;2,5621
2005-02-21;2,5762
2005-02-22;2,5937
2005-02-23;2,5857
2005-02-24;2,6098
2005-02-25;2,632
2005-02-28;2,595
2005-03-01;2,6011
2005-03-02;2,6368
2005-03-03;2,6698
2005-03-04;2,6615
2005-03-07;2,6624
2005-03-08;2,6934
2005-03-09;2,7113
2005-03-10;2,7319
2005-03-11;2,7021
2005-03-14;2,7523
2005-03-15;2,7621
2005-03-16;2,757
2005-03-17;2,7522
2005-03-18;2,7163
2005-03-21;2,7288
2005-03-22;2,706
2005-03-23;2,7403
2005-03-24;2,7303
2005-03-28;2,7385
2005-03-29;2,7031
2005-03-30;2,6808
2005-03-31;2,6662
2005-04-01;2,655
2005-04-04;2,6598
2005-04-05;2,6255
2005-04-06;2,6067
2005-04-07;2,6019
2005-04-08;2,5942
2005-04-11;2,5783
2005-04-12;2,5899
2005-04-13;2,5598
2005-04-14;2,5747
2005-04-15;2,5971
2005-04-18;2,6157
2005-04-19;2,5825
2005-04-20;2,5645
2005-04-22;2,5392
2005-04-25;2,5308
2005-04-26;2,5355
2005-04-27;2,5195
2005-04-28;2,5217
2005-04-29;2,5313
2005-05-02;2,5146
2005-05-03;2,5007
2005-05-04;2,4765
2005-05-05;2,4687
2005-05-06;2,4594
2005-05-09;2,4538
2005-05-10;2,465
2005-05-11;2,4719
2005-05-12;2,4648
2005-05-13;2,4715
2005-05-16;2,4772
2005-05-17;2,4779
2005-05-18;2,4636
2005-05-19;2,4458
2005-05-20;2,4493
2005-05-23;2,4299
2005-05-24;2,4313
2005-05-25;2,4116
2005-05-27;2,3934
2005-05-30;2,3784
2005-05-31;2,4038
2005-06-01;2,4286
2005-06-02;2,4202
2005-06-03;2,4029
2005-06-06;2,4576
2005-06-07;2,4632
2005-06-08;2,4464
2005-06-09;2,4891
2005-06-10;2,4751
2005-06-13;2,4562
2005-06-14;2,4375
2005-06-15;2,4455
2005-06-16;2,4161
2005-06-17;2,3873
2005-06-20;2,3855
2005-06-21;2,3772
2005-06-22;2,3703
2005-06-23;2,3932
2005-06-24;2,3877
2005-06-27;2,383
2005-06-28;2,3694
2005-06-29;2,3549
2005-06-30;2,3504
2005-07-01;2,3459
2005-07-04;2,3715
2005-07-05;2,3668
2005-07-06;2,3901
2005-07-07;2,389
2005-07-08;2,3683
2005-07-11;2,3502
2005-07-12;2,3353
2005-07-13;2,3482
2005-07-14;2,3433
2005-07-15;2,3427
2005-07-18;2,3304
2005-07-19;2,3434
2005-07-20;2,3522
2005-07-21;2,3405
2005-07-22;2,3761
2005-07-25;2,4287
2005-07-26;2,4656
2005-07-27;2,4439
2005-07-28;2,4211
2005-07-29;2,3905
2005-08-01;2,3785
2005-08-02;2,353
2005-08-03;2,3151
2005-08-04;2,3054
2005-08-05;2,2986
2005-08-08;2,31
2005-08-09;2,3151
2005-08-10;2,2767
2005-08-11;2,3169
2005-08-12;2,3758
2005-08-15;2,3422
2005-08-16;2,3442
2005-08-17;2,3492
2005-08-18;2,3637
2005-08-19;2,4316
2005-08-22;2,4028
2005-08-23;2,4097
2005-08-24;2,4235
2005-08-25;2,4203
2005-08-26;2,4129
2005-08-29;2,3995
2005-08-30;2,3861
2005-08-31;2,3637
2005-09-01;2,3623
2005-09-02;2,3429
2005-09-05;2,3295
2005-09-06;2,3262
2005-09-08;2,3198
2005-09-09;2,3175
2005-09-12;2,3197
2005-09-13;2,3269
2005-09-14;2,33
2005-09-15;2,3012
2005-09-16;2,2937
2005-09-19;2,2905
2005-09-20;2,2948
2005-09-21;2,2827
2005-09-22;2,2752
2005-09-23;2,2682
2005-09-26;2,2583
2005-09-27;2,2533
2005-09-28;2,2433
2005-09-29;2,2244
2005-09-30;2,2222
2005-10-03;2,2339
2005-10-04;2,2424
2005-10-05;2,2685
2005-10-06;2,2886
2005-10-07;2,263
2005-10-10;2,2384
2005-10-11;2,2351
2005-10-13;2,2627
2005-10-14;2,2511
2005-10-17;2,2352
2005-10-18;2,2405
2005-10-19;2,2535
2005-10-20;2,2443
2005-10-21;2,2546
2005-10-24;2,2623
2005-10-25;2,2618
2005-10-26;2,2746
2005-10-27;2,2851
2005-10-28;2,2791
2005-10-31;2,2543
2005-11-01;2,2516
2005-11-03;2,2336
2005-11-04;2,2231
2005-11-07;2,2013
2005-11-08;2,2032
2005-11-09;2,1717
2005-11-10;2,1757
2005-11-11;2,1633
2005-11-14;2,199
2005-11-16;2,1974
2005-11-17;2,1866
2005-11-18;2,2187
2005-11-21;2,2181
2005-11-22;2,2511
2005-11-23;2,238
2005-11-24;2,237
2005-11-25;2,2329
2005-11-28;2,2094
2005-11-29;2,198
2005-11-30;2,207
2005-12-01;2,2177
2005-12-02;2,2061
2005-12-05;2,1968
2005-12-06;2,1807
2005-12-07;2,18
2005-12-08;2,2127
2005-12-09;2,2446
2005-12-12;2,2634
2005-12-13;2,2565
2005-12-14;2,2779
2005-12-15;2,2957
2005-12-16;2,3356
2005-12-19;2,3735
2005-12-20;2,3497
2005-12-21;2,3168
2005-12-22;2,3254
2005-12-23;2,3327
2005-12-26;2,3325
2005-12-27;2,3526
2005-12-28;2,3483
2005-12-29;2,3407
2005-12-30;2,3407
2006-01-02;2,337
2006-01-03;2,346
2006-01-04;2,3066
2006-01-05;2,2825
2006-01-06;2,287
2006-01-09;2,2632
2006-01-10;2,2638
2006-01-11;2,2679
2006-01-12;2,2729
2006-01-13;2,2747
2006-01-16;2,2762
2006-01-17;2,2924
2006-01-18;2,3276
2006-01-19;2,3225
2006-01-20;2,2756
2006-01-23;2,2609
2006-01-24;2,244
2006-01-25;2,2433
2006-01-26;2,2382
2006-01-27;2,2152
2006-01-30;2,2116
2006-01-31;2,216
2006-02-01;2,2217
2006-02-02;2,221
2006-02-03;2,2202
2006-02-06;2,1877
2006-02-07;2,1866
2006-02-08;2,1956
2006-02-09;2,1778
2006-02-10;2,1575
2006-02-13;2,1621
2006-02-14;2,1435
2006-02-15;2,1375
2006-02-16;2,1177
2006-02-17;2,1186
2006-02-20;2,1182
2006-02-21;2,1297
2006-02-22;2,1484
2006-02-23;2,1353
2006-02-24;2,1355
2006-03-01;2,1181
2006-03-02;2,1134
2006-03-03;2,1155
2006-03-06;2,1261
2006-03-07;2,1682
2006-03-08;2,1778
2006-03-09;2,1615
2006-03-10;2,1447
2006-03-13;2,1349
2006-03-14;2,1269
2006-03-15;2,1215
2006-03-16;2,1067
2006-03-17;2,1188
2006-03-20;2,1386
2006-03-21;2,1591
2006-03-22;2,1553
2006-03-23;2,1506
2006-03-24;2,1628
2006-03-27;2,1804
2006-03-28;2,2238
2006-03-29;2,2228
2006-03-30;2,1952
2006-03-31;2,1724
2006-04-03;2,1542
2006-04-04;2,1293
2006-04-05;2,1344
2006-04-06;2,1299
2006-04-07;2,1409
2006-04-10;2,1522
2006-04-11;2,142
2006-04-12;2,1336
2006-04-13;2,1426
2006-04-17;2,1343
2006-04-18;2,1292
2006-04-19;2,1143
2006-04-20;2,1236
2006-04-24;2,1182
2006-04-25;2,1233
2006-04-26;2,1224
2006-04-27;2,1136
2006-04-28;2,0892
2006-05-02;2,0718
2006-05-03;2,0706
2006-05-04;2,0667
2006-05-05;2,0587
2006-05-08;2,0651
2006-05-09;2,0642
2006-05-10;2,0586
2006-05-11;2,0881
2006-05-12;2,1307
2006-05-15;2,1774
2006-05-16;2,1403
2006-05-17;2,1826
2006-05-18;2,1833
2006-05-19;2,193
2006-05-22;2,2883
2006-05-23;2,2601
2006-05-24;2,3711
2006-05-25;2,315
2006-05-26;2,252
2006-05-29;2,2566
2006-05-30;2,3235
2006-05-31;2,3005
2006-06-01;2,2713
2006-06-02;2,2595
2006-06-05;2,2557
2006-06-06;2,2686
2006-06-07;2,25
2006-06-08;2,2701
2006-06-09;2,2615
2006-06-12;2,2707
2006-06-13;2,3018
2006-06-14;2,2845
2006-06-16;2,2521
2006-06-19;2,2404
2006-06-20;2,2506
2006-06-21;2,2378
2006-06-22;2,2391
2006-06-23;2,2462
2006-06-26;2,2259
2006-06-27;2,2315
2006-06-28;2,2262
2006-06-29;2,2063
2006-06-30;2,1643
2006-07-03;2,1701
2006-07-04;2,1646
2006-07-05;2,1955
2006-07-06;2,184
2006-07-07;2,1765
2006-07-10;2,175
2006-07-11;2,1859
2006-07-12;2,1915
2006-07-13;2,2106
2006-07-14;2,213
2006-07-17;2,2126
2006-07-18;2,1962
2006-07-19;2,181
2006-07-20;2,1895
2006-07-21;2,1935
2006-07-24;2,1916
2006-07-25;2,1993
2006-07-26;2,1984
2006-07-27;2,1899
2006-07-28;2,18
2006-07-31;2,1762
2006-08-01;2,1905
2006-08-02;2,1821
2006-08-03;2,1835
2006-08-04;2,172
2006-08-07;2,1793
2006-08-08;2,1839
2006-08-09;2,1687
2006-08-10;2,1628
2006-08-11;2,1616
2006-08-14;2,1605
2006-08-15;2,148
2006-08-16;2,1329
2006-08-17;2,1365
2006-08-18;2,1456
2006-08-21;2,1361
2006-08-22;2,1355
2006-08-23;2,1354
2006-08-24;2,1523
2006-08-25;2,1571
2006-08-28;2,1473
2006-08-29;2,1419
2006-08-30;2,133
2006-08-31;2,1388
2006-09-01;2,1468
2006-09-04;2,1282
2006-09-05;2,1288
2006-09-06;2,1443
2006-09-08;2,1582
2006-09-11;2,1751
2006-09-12;2,1732
2006-09-13;2,17
2006-09-14;2,1593
2006-09-15;2,154
2006-09-18;2,1453
2006-09-19;2,1518
2006-09-20;2,169
2006-09-21;2,1969
2006-09-22;2,2177
2006-09-25;2,2188
2006-09-26;2,198
2006-09-27;2,186
2006-09-28;2,1793
2006-09-29;2,1742
2006-10-02;2,1623
2006-10-03;2,1655
2006-10-04;2,1676
2006-10-05;2,1629
2006-10-06;2,1636
2006-10-09;2,1588
2006-10-10;2,1497
2006-10-11;2,1546
2006-10-13;2,1419
2006-10-16;2,1331
2006-10-17;2,1361
2006-10-18;2,1339
2006-10-19;2,1387
2006-10-20;2,1457
2006-10-23;2,1391
2006-10-24;2,1467
2006-10-25;2,151
2006-10-26;2,1363
2006-10-27;2,1378
2006-10-30;2,1456
2006-10-31;2,143
2006-11-01;2,141
2006-11-03;2,142
2006-11-06;2,1378
2006-11-07;2,1353
2006-11-08;2,1464
2006-11-09;2,1412
2006-11-10;2,1489
2006-11-13;2,162
2006-11-14;2,1537
2006-11-16;2,1517
2006-11-17;2,1593
2006-11-20;2,1622
2006-11-21;2,1638
2006-11-22;2,1623
2006-11-23;2,1683
2006-11-24;2,17
2006-11-27;2,18
2006-11-28;2,187
2006-11-29;2,1783
2006-11-30;2,1668
2006-12-01;2,1672
2006-12-04;2,1693
2006-12-05;2,156
2006-12-06;2,1528
2006-12-07;2,1428
2006-12-08;2,1442
2006-12-11;2,1384
2006-12-12;2,1481
2006-12-13;2,1459
2006-12-14;2,146
2006-12-15;2,147
2006-12-18;2,147
2006-12-19;2,1572
2006-12-20;2,156
2006-12-21;2,1593
2006-12-22;2,1518
2006-12-26;2,1437
2006-12-27;2,1497
2006-12-28;2,138
2006-12-29;2,138
2007-01-02;2,1342
2007-01-03;2,1372
2007-01-04;2,1429
2007-01-05;2,1474
2007-01-08;2,1505
2007-01-09;2,1506
2007-01-10;2,1556
2007-01-11;2,1465
2007-01-12;2,1421
2007-01-15;2,1407
2007-01-16;2,1444
2007-01-17;2,135
2007-01-18;2,1329
2007-01-19;2,1307
2007-01-22;2,1327
2007-01-23;2,1368
2007-01-24;2,1286
2007-01-25;2,1281
2007-01-26;2,136
